{"cameraMode":{"drawMode":0,"name":"Shaded","section":"Shading Mode"},"sceneLighting":false,"audioPlay":false,"sceneViewState":{"m_AlwaysRefresh":false,"showFog":false,"showSkybox":false,"showFlares":true,"showImageEffects":true,"showParticleSystems":true,"showVisualEffectGraphs":true,"m_FxEnabled":true},"in2DMode":false,"pivot":{"x":-0.023032009601593019,"y":0.08958237618207932,"z":-0.0035108327865600588},"rotation":{"x":-0.23851239681243897,"y":0.08639015257358551,"z":-0.021306650713086129,"w":-0.9670596718788147},"size":0.6726595163345337,"orthographic":false}