{"cameraMode":{"drawMode":0,"name":"Shaded","section":"Shading Mode"},"sceneLighting":false,"audioPlay":false,"sceneViewState":{"m_AlwaysRefresh":false,"showFog":true,"showSkybox":false,"showFlares":true,"showImageEffects":true,"showParticleSystems":true,"showVisualEffectGraphs":true,"m_FxEnabled":true},"in2DMode":false,"pivot":{"x":0.03280067443847656,"y":4.566553115844727,"z":0.019495010375976564},"rotation":{"x":-0.1982172727584839,"y":0.6931770443916321,"z":-0.2078419029712677,"w":-0.6610775589942932},"size":4.296823978424072,"orthographic":false}