{"cameraMode":{"drawMode":0,"name":"Shaded","section":"Shading Mode"},"sceneLighting":false,"audioPlay":false,"sceneViewState":{"m_AlwaysRefresh":false,"showFog":false,"showSkybox":false,"showFlares":true,"showImageEffects":true,"showParticleSystems":true,"showVisualEffectGraphs":true,"m_FxEnabled":true},"in2DMode":false,"pivot":{"x":-0.01512572169303894,"y":0.3219643533229828,"z":-0.036240413784980777},"rotation":{"x":-0.3686041831970215,"y":0.15016424655914308,"z":-0.06046755239367485,"w":-0.9153879880905151},"size":0.5976139307022095,"orthographic":false}