{"cameraMode":{"drawMode":0,"name":"Shaded","section":"Shading Mode"},"sceneLighting":false,"audioPlay":false,"sceneViewState":{"m_AlwaysRefresh":false,"showFog":false,"showSkybox":false,"showFlares":true,"showImageEffects":true,"showParticleSystems":true,"showVisualEffectGraphs":true,"m_FxEnabled":true},"in2DMode":false,"pivot":{"x":-0.9431866407394409,"y":0.8722213506698608,"z":-0.23954002559185029},"rotation":{"x":-0.23851239681243897,"y":0.08639015257358551,"z":-0.021306650713086129,"w":-0.9670596718788147},"size":1.8464992046356202,"orthographic":false}