{"cameraMode":{"drawMode":0,"name":"Shaded","section":"Shading Mode"},"sceneLighting":false,"audioPlay":false,"sceneViewState":{"m_AlwaysRefresh":false,"showFog":false,"showSkybox":false,"showFlares":true,"showImageEffects":true,"showParticleSystems":true,"showVisualEffectGraphs":true,"m_FxEnabled":true},"in2DMode":false,"pivot":{"x":-0.00241813063621521,"y":0.12496346235275269,"z":0.0038491487503051759},"rotation":{"x":-0.13239289820194245,"y":0.8031949996948242,"z":-0.1942666471004486,"w":-0.5473755598068237},"size":0.2823389172554016,"orthographic":false}