{"cameraMode":{"drawMode":0,"name":"Shaded","section":"Shading Mode"},"sceneLighting":false,"audioPlay":false,"sceneViewState":{"m_AlwaysRefresh":false,"showFog":false,"showSkybox":false,"showFlares":true,"showImageEffects":true,"showParticleSystems":true,"showVisualEffectGraphs":true,"m_FxEnabled":true},"in2DMode":false,"pivot":{"x":-0.025762975215911866,"y":0.11027803272008896,"z":0.08431947231292725},"rotation":{"x":-0.13239289820194245,"y":0.8031949996948242,"z":-0.1942666471004486,"w":-0.5473755598068237},"size":1.1641685962677003,"orthographic":false}