{"cameraMode":{"drawMode":0,"name":"Shaded","section":"Shading Mode"},"sceneLighting":false,"audioPlay":false,"sceneViewState":{"m_AlwaysRefresh":false,"showFog":false,"showSkybox":false,"showFlares":true,"showImageEffects":true,"showParticleSystems":true,"showVisualEffectGraphs":true,"m_FxEnabled":true},"in2DMode":false,"pivot":{"x":0.0771760642528534,"y":0.22327052056789399,"z":0.010519340634346009},"rotation":{"x":-0.23851239681243897,"y":0.08639015257358551,"z":-0.021306650713086129,"w":-0.9670596718788147},"size":0.47282227873802187,"orthographic":false}