{"cameraMode":{"drawMode":0,"name":"Shaded","section":"Shading Mode"},"sceneLighting":false,"audioPlay":false,"sceneViewState":{"m_AlwaysRefresh":false,"showFog":false,"showSkybox":false,"showFlares":true,"showImageEffects":true,"showParticleSystems":true,"showVisualEffectGraphs":true,"m_FxEnabled":true},"in2DMode":false,"pivot":{"x":-0.03359687328338623,"y":0.1658545434474945,"z":-0.05133146047592163},"rotation":{"x":-0.15466922521591187,"y":0.6818575859069824,"z":-0.15090912580490113,"w":-0.6988434195518494},"size":0.9082801938056946,"orthographic":false}